Skills,Interests,Education Level,Career Path
Python;Machine Learning;Data Science,Research;Coding,Bachelor's,Data Scientist
Java;Spring Boot;Backend Development,Coding;Problem Solving,Bachelor's,Software Engineer
HTML;CSS;JavaScript;React,Design;UI/UX,Bachelor's,Frontend Developer
Cybersecurity;Networking;Linux,Hacking;Security Analysis,Bachelor's,Cybersecurity Analyst
Accounting;Finance;Excel,Financial Analysis;Stock Market,Bachelor's,Financial Analyst
AI;Deep Learning;TensorFlow,Research;AI Development,Master's,AI Engineer
Marketing;SEO;Google Ads,Digital Marketing;Social Media,Bachelor's,Digital Marketer
Content Writing;Blogging;SEO,Writing;Creativity,Bachelor's,Content Writer
HR;Recruitment;Employee Management,Communication;People Management,MBA,HR Manager
Business Strategy;Market Analysis,Leadership;Decision Making,MBA,Business Analyst
C++;Game Development;Unity,Creativity;Game Design,Bachelor's,Game Developer
Biology;Chemistry;Lab Research,Scientific Research;Experiments,Master's,Biotechnologist
Electrical Circuits;Embedded Systems;IoT,Hardware;Electronics,Bachelor's,Embedded Systems Engineer
Cloud Computing;AWS;DevOps,Automation;Infrastructure,Bachelor's,Cloud Engineer
Legal Research;Contracts;Corporate Law,Legal Cases;Problem Solving,Master's,Lawyer
Teaching;Education;Psychology,Public Speaking;Guiding,Bachelor's,Teacher
Video Editing;Filmmaking;Animation,Creativity;Storytelling,Bachelor's,Video Editor
Nursing;Patient Care;Medical Knowledge,Helping People;Healthcare,Bachelor's,Nurse
Mechanical Design;AutoCAD;Manufacturing,Engineering;Technical Design,Bachelor's,Mechanical Engineer
Sales;Negotiation;CRM,Marketing;Client Relations,Bachelor's,Sales Manager
Data Analysis;SQL;Power BI,Numbers;Insights,Bachelor's,Data Analyst
Robotics;Automation;AI,Engineering;Innovation,Master's,Robotics Engineer
